531,031,033,081,020,021,019,127,055,002,118,085,084,133,105,117,149,151,113,115,034,022,075,027,024,040,025,026,030,029,023,077,028,035,032,061,036,011,082,111,114,087,126,083,060,001,173,162,163,219,116,
685,515,565,533,619,571,620,552,553,551,612,511,615,590,505,531,613,501,514,595,563,562,509,587,606,605,602,609,581,588,586,607,608,616,589,535,532,566,585,583,614,604,561,582,554,618,507,512,503,601,584,508,603,591,
834,002,010,006,008,001,005,009,004,003,007,011,013,
285,001,205,202,124,126,206,127,129,223,125,130,201,121,203,122,128,123,204,
274,201,704,304,001,506,404,405,601,409,204,509,408,303,305,401,206,701,202,502,505,205,604,705,501,703,508,208,149,301,402,306,802,406,207,407,801,302,203,602,182,702,603,403,806,807,808,
827,010,302,013,001,003,004,006,009,012,014,015,
535,240,217,161,213,559,557,502,521,101,523,463,501,524,526,534,522,527,525,573,128,578,102,547,593,125,592,568,579,591,546,126,124,005,216,160,260,581,002,148,270,215,004,250,220,183,273,280,221,580,204,218,214,145,281,003,001,594,006,558,
471,405,525,301,606,311,408,201,001,105,318,101,411,313,111,315,510,515,501,625,516,
464,001,258,221,240,220,331,334,226,224,114,337,113,228,111,573,551,668,665,881,570,774,886,776,884,990,671,672,993,651,661,986,770,
786,158,187,183,189,151,190,192,601,188,152,181,160,147,154,145,148,146,182,150,126,157,171,170,174,156,179,002,692,613,007,184,102,003,004,101,602,001,005,614,010,012,008,610,191,621,623,611,622,103,612,125,173,153,155,159,006,
678,583,598,581,595,582,601,591,597,593,633,632,596,762,007,555,103,508,642,702,506,631,684,006,005,012,551,701,612,687,502,613,543,571,004,544,572,731,641,732,651,013,001,623,501,556,553,554,014,532,102,531,503,594,592,661,008,101,104,512,621,682,546,681,721,685,703,705,507,505,688,573,574,542,722,683,504,510,686,003,611,009,671,534,624,533,622,010,552,704,545,706,557,011,541,002,
228,171,001,131,141,155,121,120,133,132,125,119,145,118,151,142,161,159,
461,001,661,221,990,116,331,111,441,115,775,110,668,223,771,228,551,114,446,122,881,005,
271,126,208,604,305,902,825,872,804,831,903,840,845,805,803,802,875,835,851,855,865,824,901,904,870,806,821,882,871,881,830,841,202,209,204,003,503,504,403,201,205,206,601,607,301,310,312,319,307,124,207,123,129,303,401,125,311,502,122,402,309,002,210,203,861,215,302,313,603,306,609,602,801,001,308,304,
123,106,411,001,401,501,021,023,034,412,301,110,027,103,101,302,102,029,303,028,035,024,031,413,
671,531,312,317,124,543,541,310,311,316,314,321,121,324,323,542,348,551,552,122,322,123,318,313,326,533,532,351,319,534,315,
204,212,216,214,215,211,213,101,102,
211,008,012,011,007,010,013,019,004,002,006,003,017,005,001,014,016,018,015,021,022,
752,105,113,110,121,114,077,090,093,094,079,070,083,081,065,026,080,091,013,016,011,012,015,045,017,002,054,032,068,034,104,100,101,102,103,106,107,108,109,111,115,116,118,119,120,001,014,003,046,061,060,030,031,062,066,035,020,050,022,027,037,018,019,056,057,064,021,038,023,082,089,063,024,084,085,092,025,078,069,055,
824,211,114,120,124,143,208,303,103,115,220,301,210,202,205,219,203,207,121,116,127,112,221,206,123,122,125,217,129,102,111,302,201,113,118,235,236,237,232,233,234,209,101,231,
796,581,321,017,310,005,190,571,770,015,901,701,082,111,261,161,181,370,009,290,320,691,186,471,101,091,070,081,441,730,501,431,410,421,007,012,891,710,751,014,008,004,184,001,
281,501,201,301,405,302,502,403,504,205,406,306,307,404,104,308,401,122,003,004,305,202,005,203,204,006,206,123,121,001,303,
185,202,121,131,152,211,101,132,133,151,154,155,233,135,156,102,201,153,212,203,234,
410,511,510,512,505,515,506,501,509,516,513,502,507,402,406,503,504,401,405,205,208,101,221,206,201,220,207,203,202,216,218,210,204,102,222,508,403,301,302,209,
383,260,410,240,325,245,006,421,317,225,330,310,335,030,305,001,430,220,110,440,255,462,275,316,251,345,350,315,422,205,270,276,120,320,340,355,210,246,215,250,230,307,235,010,450,434,460,
680,028,594,652,590,604,581,596,583,587,588,623,518,102,506,511,101,543,517,306,552,653,004,551,585,601,007,617,651,541,751,014,569,005,619,614,010,586,589,584,519,544,501,523,505,602,512,522,507,542,508,103,104,510,641,620,003,027,006,702,683,566,684,721,309,732,731,733,301,703,711,567,664,662,722,305,308,302,699,012,563,008,666,561,688,123,121,312,303,317,724,687,568,122,671,125,681,670,571,691,668,667,712,685,669,661,665,564,565,686,663,682,701,697,562,570,741,734,311,304,310,689,521,502,515,514,504,509,524,516,520,513,555,618,611,615,546,011,613,612,656,616,013,655,545,002,642,553,631,022,001,020,009,021,654,591,026,307,503,582,
327,031,601,021,023,801,602,001,032,022,034,606,027,605,026,025,604,603,024,
454,001,660,449,335,774,116,446,010,111,441,221,773,552,665,331,775,
766,104,023,100,110,037,011,002,032,016,036,012,015,018,106,105,028,013,101,029,108,026,102,020,027,031,017,103,019,014,107,118,111,001,
241,204,001,121,122,401,125,404,405,402,123,406,407,403,124,201,304,202,301,203,305,126,302,303,127,
486,553,223,441,117,447,445,220,123,335,115,550,450,446,556,226,440,331,340,338,114,003,005,448,111,006,341,333,661,771,881,775,886,887,670,889,675,776,882,892,669,666,001,004,002,888,890,884,885,
208,021,020,017,001,015,014,004,011,010,013,023,002,009,024,003,012,025,019,022,005,027,008,007,016,026,006,
676,552,503,317,304,528,303,502,106,510,307,302,320,103,105,301,553,551,562,561,305,102,501,306,108,508,122,521,311,319,123,509,517,519,541,525,523,542,121,504,506,507,505,309,104,109,107,101,312,522,
191,111,103,202,113,112,101,131,121,132,203,102,201,
304,023,504,025,021,505,024,001,026,507,501,022,804,802,503,502,801,803,
503,307,225,212,175,187,310,101,108,122,321,207,246,186,223,217,219,164,309,302,144,305,202,201,125,123,114,102,124,110,120,145,185,301,188,180,235,206,245,230,003,308,218,311,213,165,306,112,002,001,174,111,322,224,
833,214,103,204,101,102,106,203,215,216,104,218,219,105,202,221,220,217,201,212,213,222,223,
442,701,603,908,905,702,906,504,916,503,907,710,705,703,914,707,919,917,403,402,404,903,606,704,406,918,904,902,605,604,505,507,709,304,201,202,101,001,203,106,306,104,301,302,305,102,307,401,501,901,502,003,111,303,105,107,
491,226,227,111,441,557,881,666,336,559,229,995,001,221,225,335,332,228,331,771,223,661,445,888,338,340,337,993,222,107,665,668,885,558,444,230,996,
500,084,078,090,013,076,039,070,044,079,030,064,012,005,053,065,066,048,058,077,002,027,060,068,051,035,074,036,069,024,059,052,023,034,006,041,029,001,095,028,018,107,096,008,004,105,022,075,046,081,032,082,038,073,045,063,033,031,019,057,062,020,007,003,017,025,016,043,010,047,015,037,080,040,026,061,011,050,014,042,054,055,087,072,085,009,056,094,093,089,088,101,100,049,083,091,097,098,103,092,086,067,108,110,111,104,021,071,
361,160,306,315,320,280,170,345,325,310,010,220,007,230,240,210,120,162,305,013,110,012,335,140,011,009,006,008,130,250,350,347,003,002,005,001,004,141,150,330,142,
388,540,260,230,245,255,215,250,220,305,110,510,520,315,530,130,307,325,340,345,560,350,360,370,306,205,320,335,235,210,265,365,710,713,140,430,610,625,590,630,550,620,440,150,160,450,460,570,170,480,180,640,225,580,270,001,543,330,239,545,355,121,120,310,470,410,421,465,
534,235,237,239,238,240,206,247,208,202,123,328,268,280,225,326,324,222,216,250,275,265,266,243,204,207,199,245,244,236,126,134,230,209,210,124,217,330,269,218,122,227,320,267,338,281,327,426,456,311,437,455,449,312,451,475,004,003,002,432,450,435,427,007,442,460,416,401,452,448,462,461,467,425,406,156,302,444,447,006,001,005,112,301,195,166,197,315,176,146,101,350,305,341,102,340,411,165,186,145,111,196,342,313,318,198,316,331,329,201,260,211,215,
424,002,310,305,304,309,308,004,006,005,301,307,302,311,318,303,306,105,201,119,108,103,107,106,104,102,203,202,109,208,205,204,206,207,001,101,
148,109,023,104,022,033,034,002,106,019,030,024,020,021,026,027,108,018,035,107,102,031,025,028,103,100,105,017,029,101,001,
625,706,582,519,503,022,702,122,402,018,221,234,218,703,008,708,003,101,102,103,104,105,701,106,009,014,107,201,514,016,019,205,207,021,707,301,017,020,006,005,704,108,110,109,501,518,602,705,536,534,517,203,579,523,604,532,537,603,562,520,521,540,530,533,512,527,529,605,531,535,524,525,526,528,515,516,522,556,601,002,007,001,012,011,004,513,214,015,023,
521,343,322,325,340,111,213,312,321,333,344,330,324,148,345,260,323,261,390,329,301,326,327,263,202,207,105,311,106,214,215,178,226,230,170,227,185,180,246,164,457,229,151,181,190,102,182,212,286,250,165,104,139,108,228,101,175,256,247,183,107,241,163,456,402,211,134,403,245,401,109,235,110,002,201,120,156,158,157,130,138,162,001,366,003,332,356,331,369,126,122,133,149,150,132,328,136,131,125,135,153,137,225,121,
342,902,027,311,001,606,025,022,605,015,013,023,014,008,003,011,310,901,307,603,602,604,312,314,801,026,006,005,007,308,037,302,802,304,305,303,309,301,601,306,028,024,029,021,012,
803,117,214,108,119,213,111,115,116,107,216,307,301,302,303,221,306,120,118,114,110,113,211,212,203,101,109,202,201,121,215,
562,109,123,103,120,106,160,107,149,157,108,110,164,135,111,163,112,138,114,117,119,121,122,162,159,125,126,127,129,128,130,131,132,101,102,104,105,161,
473,662,781,995,775,880,670,865,551,990,770,665,885,585,793,774,660,335,222,287,444,445,443,440,226,110,332,330,111,249,113,001,101,331,105,115,118,446,638,112,
635,803,802,811,812,813,851,852,701,654,804,805,806,808,809,810,814,655,652,653,853,651,854,751,602,752,703,754,702,901,815,710,807,801,301,303,202,201,106,304,114,203,204,123,206,115,111,112,113,002,101,116,306,117,307,118,119,207,120,121,302,305,205,122,102,103,104,105,107,108,109,130,110,126,124,001,601,
175,015,032,016,124,024,106,102,035,002,045,028,030,029,039,031,129,104,141,136,143,105,134,126,027,131,130,128,047,011,009,010,048,132,140,139,133,142,038,046,017,018,040,014,006,005,003,050,008,012,121,033,013,004,021,042,023,052,025,034,026,037,101,138,103,001,007,036,049,123,125,019,051,122,
125,050,033,042,006,133,038,005,052,053,048,121,111,037,039,112,051,049,044,120,113,055,060,078,054,110,047,101,001,201,104,077,076,075,106,058,102,011,103,004,007,056,
403,006,714,511,505,530,517,103,406,502,506,702,410,708,703,706,709,728,718,707,705,704,723,107,404,104,105,510,512,403,401,114,508,509,524,503,802,101,504,516,515,523,513,110,115,710,108,507,713,004,601,521,501,002,001,409,102,602,724,719,726,716,712,715,722,729,204,701,720,527,201,804,721,803,801,206,203,005,402,806,717,731,711,202,529,109,106,526,725,
332,401,316,302,002,023,402,312,027,715,701,706,710,714,718,713,712,716,746,705,721,707,708,709,711,719,024,406,031,025,001,026,041,403,028,030,405,042,301,021,029,303,318,315,311,304,317,305,307,411,601,702,703,722,602,742,603,404,
636,114,003,808,810,004,701,906,138,602,601,107,112,115,101,104,105,113,118,142,121,015,010,139,203,140,204,006,111,122,308,804,805,806,904,704,705,813,905,902,903,803,812,807,809,811,352,103,008,201,014,106,108,109,141,119,110,116,117,009,305,403,013,306,307,301,451,354,458,302,501,351,309,012,303,452,404,011,502,503,457,202,453,030,304,454,455,002,001,016,007,102,401,402,406,456,005,017,
744,207,103,209,204,202,105,303,206,302,211,301,210,205,304,104,201,107,102,203,106,112,101,
276,137,207,143,124,125,121,127,136,135,208,288,305,122,303,129,402,206,404,406,405,403,141,128,138,140,139,301,142,304,201,302,202,126,131,205,123,203,204,306,001,
795,126,113,128,103,132,136,005,144,133,122,007,004,107,002,131,150,138,141,140,112,143,142,148,009,115,116,134,146,010,145,149,159,130,124,015,147,114,118,001,106,117,008,127,102,135,139,101,125,104,129,003,006,011,
761,102,106,111,118,143,140,151,109,116,146,107,115,108,125,133,117,114,104,101,144,013,103,120,119,141,123,124,121,131,132,122,054,217,016,028,110,126,026,027,025,030,029,032,045,105,019,043,018,020,035,017,207,210,215,206,208,015,212,214,213,201,211,200,055,042,010,012,009,052,002,008,005,006,209,100,001,011,004,007,014,037,041,031,003,
364,210,295,050,005,004,002,710,320,070,760,313,230,240,250,140,750,505,265,110,510,290,280,130,730,740,270,720,275,135,260,120,145,150,765,330,310,060,490,485,465,470,521,515,525,530,522,081,001,006,003,
845,401,302,432,411,427,426,433,428,423,431,429,406,437,414,458,304,415,416,413,417,456,435,434,412,418,425,305,301,422,436,457,440,315,420,419,424,303,430,449,103,452,104,454,105,438,307,101,450,451,459,453,306,455,106,107,102,
790,101,003,102,104,116,114,001,105,002,106,103,
493,441,111,778,551,558,101,113,889,890,770,449,332,222,555,225,526,331,445,559,229,992,114,228,885,776,661,448,554,118,338,221,996,891,773,888,196,195,116,335,344,663,662,887,881,
333,042,026,305,001,801,503,705,021,032,302,303,701,011,707,702,022,304,704,041,308,053,012,307,027,501,023,502,031,024,033,514,030,504,034,025,035,515,516,028,029,036,
133,201,004,103,005,001,205,101,202,006,102,203,104,204,206,301,302,207,010,
205,267,303,264,001,247,265,268,119,262,304,301,263,261,121,
530,048,012,005,011,026,046,044,032,031,016,003,002,017,022,020,040,043,041,024,013,001,045,008,007,018,009,027,029,028,047,014,015,052,051,049,053,004,
590,014,018,008,005,016,020,010,001,019,003,017,009,015,006,011,
141,007,008,015,417,114,119,411,204,117,105,108,416,109,418,123,120,121,422,127,126,102,413,412,118,421,116,419,202,206,110,107,414,415,122,104,125,113,112,801,205,115,103,101,203,003,013,001,014,010,006,017,002,004,012,401,106,201,016,
325,221,001,216,215,601,203,218,205,602,009,224,219,217,206,204,202,209,223,214,207,222,003,220,004,201,208,
581,110,108,205,115,202,101,102,203,104,193,126,112,148,118,197,120,199,213,401,359,355,402,201,123,109,111,210,211,106,198,208,145,116,119,128,384,440,352,400,314,103,105,204,196,206,195,207,107,209,113,117,360,317,316,319,321,324,308,326,306,328,333,396,339,302,301,305,344,345,353,357,320,323,351,361,327,330,332,334,335,338,421,341,342,362,343,348,423,350,354,363,315,318,322,121,325,365,329,331,336,337,129,186,340,412,187,346,347,349,450,403,453,356,411,358,307,303,304,212,
765,013,019,033,026,022,017,034,016,015,023,020,025,001,002,029,018,024,021,
127,201,308,309,042,026,030,310,021,029,114,041,043,046,031,040,307,025,032,028,111,022,027,306,045,035,311,312,
209,728,503,731,732,734,738,749,622,621,720,602,721,625,722,723,733,739,502,743,652,745,735,727,729,747,724,505,736,504,651,501,304,401,305,214,217,402,601,125,306,202,301,311,205,831,863,825,865,862,870,871,312,203,112,209,307,206,302,101,115,208,310,308,111,303,121,204,801,868,866,881,859,867,210,864,827,869,861,841,821,860,725,726,
363,421,655,415,410,621,660,630,670,641,642,650,520,115,310,040,425,330,020,351,510,423,320,435,430,427,440,002,001,530,110,030,035,635,
788,156,734,117,736,160,113,162,150,801,161,152,163,165,164,166,737,802,735,155,168,723,733,817,701,725,726,728,816,815,720,711,710,805,804,719,781,722,724,712,713,709,025,011,101,110,123,120,126,111,112,102,114,106,820,818,127,104,107,121,103,832,006,013,830,831,002,099,015,115,098,116,009,010,119,026,031,003,030,931,007,108,806,819,005,803,727,001,004,109,014,118,151,
472,339,115,442,336,331,101,118,337,005,246,221,446,445,447,001,111,010,
385,001,110,320,120,310,535,330,566,515,135,550,570,555,565,540,520,545,421,130,560,410,575,530,510,210,010,505,350,340,360,506,
798,614,615,612,601,604,620,621,622,602,618,611,627,603,613,616,625,607,623,
324,001,002,008,009,006,003,004,005,007,010,
743,166,135,145,126,165,127,377,513,383,372,235,273,503,349,502,337,355,329,373,357,387,435,251,437,423,701,401,270,711,263,442,445,427,439,446,426,294,232,456,247,425,222,297,234,290,221,289,428,422,249,245,252,293,286,292,412,424,287,405,429,248,702,710,438,233,272,262,291,704,271,378,504,370,610,609,371,356,374,347,348,351,368,375,312,330,399,336,345,318,363,354,338,611,395,613,376,332,331,268,223,411,130,144,123,136,133,194,128,122,124,129,125,134,193,
502,318,115,278,032,269,273,325,305,221,321,251,324,307,296,270,345,285,210,316,228,294,249,300,306,286,313,371,256,205,319,295,257,001,290,329,291,271,293,287,314,246,310,255,108,277,113,267,114,281,336,312,276,372,130,301,109,247,335,280,248,102,375,279,303,125,311,107,117,101,381,302,334,331,103,110,220,
231,501,304,210,302,212,216,306,307,301,309,208,205,226,312,225,219,206,314,313,207,221,305,303,223,215,213,217,218,211,222,220,001,224,209,311,
392,150,012,210,015,130,020,160,170,155,230,220,025,035,180,165,030,040,240,140,011,110,001,215,310,135,
248,143,197,196,123,121,003,013,001,014,140,005,171,199,002,145,009,008,159,142,179,012,124,122,125,007,195,006,158,165,146,198,011,015,016,
492,112,015,101,013,099,008,109,001,017,016,002,012,014,009,004,010,003,005,
760,007,002,010,003,005,004,001,008,009,006,011,
135,003,001,106,102,101,103,002,021,133,004,
821,104,301,302,304,101,102,106,308,309,108,103,305,306,105,109,107,112,310,110,311,111,113,312,303,307,115,
400,608,612,607,708,706,702,704,707,061,099,021,066,068,614,701,709,703,710,610,602,606,605,603,601,604,037,031,012,027,033,010,015,014,009,005,001,020,032,004,002,007,034,028,013,017,025,018,030,016,035,026,008,011,006,092,103,067,101,097,064,095,065,063,104,060,102,029,051,052,057,058,056,059,069,054,055,053,050,093,049,096,098,003,615,091,071,085,072,022,070,019,024,094,084,042,078,082,075,074,089,043,086,088,083,080,081,087,076,079,077,023,036,038,039,090,062,705,
700,121,130,083,110,111,112,113,051,137,128,126,135,129,125,132,136,105,059,140,103,104,151,152,141,145,138,149,150,139,119,131,026,075,041,094,033,044,008,023,060,027,053,034,063,024,018,029,043,088,019,025,086,031,095,078,082,022,032,068,042,045,066,038,061,020,099,047,092,040,030,004,028,006,002,050,065,007,067,108,035,037,052,036,077,080,090,074,005,003,046,014,055,039,054,064,091,106,017,157,010,085,089,102,011,156,101,009,048,097,015,012,100,073,001,062,016,069,071,087,072,013,021,148,146,070,154,096,084,153,093,143,142,147,133,124,127,155,160,161,107,162,159,056,058,117,057,049,114,158,076,079,115,081,118,134,116,109,123,120,122,144,
641,006,654,114,602,104,653,201,062,008,105,112,032,023,028,101,046,030,022,020,025,010,026,110,107,047,111,007,029,035,048,016,017,031,019,108,021,109,202,658,664,606,652,655,603,687,666,667,669,604,607,605,671,662,663,697,402,665,113,302,668,103,401,670,659,305,043,033,004,005,014,001,018,011,015,024,045,003,044,009,012,039,034,042,036,037,013,038,041,002,027,407,301,040,050,049,601,
416,509,213,209,210,507,109,526,219,202,215,204,205,232,220,221,005,001,011,230,212,211,231,208,010,013,138,110,120,106,102,104,146,121,103,552,501,502,229,206,119,108,112,506,203,236,207,216,218,508,113,107,105,505,143,101,114,111,503,223,234,122,504,551,201,118,235,214,712,701,705,702,707,713,704,709,405,311,413,301,402,403,404,407,409,411,412,418,419,420,312,314,415,302,304,305,306,308,414,309,436,408,310,313,550,612,703,810,511,520,516,614,628,605,812,613,626,608,519,531,615,630,804,811,601,616,632,620,602,603,604,609,610,534,611,801,805,806,813,510,518,513,525,512,528,521,549,514,523,522,529,524,401,303,315,004,006,527,012,002,007,008,144,116,115,623,803,807,517,515,003,416,410,606,437,307,417,316,406,
251,202,001,307,310,003,201,305,309,311,308,314,306,203,315,316,327,320,318,301,319,002,
307,001,515,501,026,032,511,031,512,801,019,802,513,043,022,028,514,024,023,510,027,029,030,803,025,
181,111,102,143,101,145,201,206,132,131,133,123,122,141,224,202,221,203,121,204,207,152,124,205,
764,045,057,014,028,036,046,070,073,055,027,056,020,021,011,037,049,051,001,043,077,052,072,078,004,002,062,085,081,042,076,041,005,047,075,061,058,087,040,048,044,063,059,071,003,074,086,038,039,006,088,
768,045,212,029,042,036,221,202,222,108,107,106,200,032,052,037,034,049,048,035,050,039,038,030,104,103,033,040,220,211,217,216,224,234,213,228,027,227,215,025,113,005,111,121,115,112,105,102,119,214,219,204,226,225,110,006,109,001,019,003,017,031,028,218,203,233,201,002,004,026,018,016,020,118,
465,669,697,691,674,679,667,693,661,683,685,689,677,680,687,441,001,337,220,445,106,339,230,335,110,226,550,223,449,227,333,447,113,116,118,
126,116,114,102,125,111,152,110,101,113,112,115,
560,056,060,074,083,099,082,116,076,068,034,105,091,090,089,073,067,087,103,049,064,077,092,037,048,058,086,004,107,113,117,500,108,001,109,029,066,081,110,025,062,114,098,041,115,112,030,035,018,026,053,095,059,070,027,085,061,002,050,078,111,011,006,007,008,016,300,017,024,032,036,043,045,047,063,075,084,094,102,009,079,040,021,010,023,003,055,072,096,020,104,057,088,013,015,054,012,097,022,100,093,071,038,046,065,080,005,051,033,042,039,019,014,069,028,052,044,
144,603,629,805,102,039,410,521,529,221,204,105,522,527,524,519,523,208,528,532,525,526,520,406,530,531,404,533,214,202,207,224,223,206,306,305,210,209,222,213,212,211,216,026,505,518,516,503,003,101,106,103,301,002,021,030,416,417,302,201,028,104,004,025,303,418,504,419,502,511,022,409,515,020,512,024,509,501,514,510,506,513,507,029,508,517,421,422,804,803,802,623,801,622,621,630,041,626,033,606,701,624,703,040,631,806,819,702,042,620,625,044,628,402,036,034,632,407,311,405,035,037,403,043,633,032,411,008,001,009,027,011,006,023,010,005,415,007,012,601,602,401,408,031,015,205,
690,561,522,540,521,520,106,517,547,523,519,574,535,558,503,105,572,507,509,103,516,514,506,508,548,110,108,101,510,102,107,505,532,534,502,533,511,513,504,571,529,512,559,537,527,530,515,501,104,531,573,538,542,544,526,524,536,528,546,518,525,539,
460,001,004,330,661,557,440,110,551,553,220,554,443,663,225,668,449,665,666,447,
763,008,003,004,002,001,
532,195,127,459,168,214,462,440,443,461,460,457,190,408,406,405,005,407,403,409,123,402,148,404,001,401,456,445,484,455,458,421,122,427,432,428,429,430,426,474,425,219,263,264,220,216,243,312,290,222,322,242,292,291,215,211,212,221,218,284,213,203,186,410,185,201,
246,747,735,761,725,764,701,749,734,733,762,763,732,723,724,731,722,745,746,727,736,729,726,728,721,737,001,159,172,278,177,149,276,277,194,130,123,161,163,175,164,165,166,167,144,127,173,155,275,162,169,179,279,129,131,193,125,113,146,147,148,121,124,128,174,285,176,401,440,428,424,446,474,453,444,171,471,439,443,448,431,488,449,455,487,469,472,473,482,483,481,475,421,486,422,419,425,426,495,427,429,435,441,442,141,445,142,178,
134,008,007,118,003,107,104,103,201,205,203,108,112,113,109,102,101,204,202,114,117,116,005,105,
225,305,202,403,404,201,401,416,121,124,119,303,206,413,207,123,125,405,203,301,003,302,204,412,122,415,205,409,208,001,306,126,120,414,304,002,
224,116,117,118,119,120,147,123,001,204,209,139,225,127,189,228,205,234,164,182,122,129,143,132,137,149,151,230,157,155,231,168,159,152,176,181,186,183,227,190,235,145,146,121,126,202,133,135,141,208,206,153,229,158,207,161,201,171,203,172,284,188,195,125,210,232,238,
206,246,250,255,243,251,244,241,252,123,121,248,001,247,245,129,120,249,124,253,126,128,242,125,002,127,003,130,131,122,
721,437,636,139,653,645,172,603,130,607,632,633,642,151,649,424,456,427,443,433,448,452,135,425,455,426,467,428,453,401,454,429,457,430,431,450,432,445,434,449,435,436,444,420,422,423,442,451,458,438,447,439,440,441,446,125,133,159,143,149,140,160,242,222,212,301,517,121,150,102,504,514,503,232,253,515,505,506,516,122,146,147,144,306,304,501,136,129,157,155,128,131,156,124,305,145,126,513,166,211,260,201,127,137,647,651,627,629,644,602,659,650,158,656,648,635,134,631,628,148,626,153,657,658,654,655,625,643,601,154,634,641,152,652,646,507,302,101,303,161,132,171,606,167,604,463,
335,001,804,803,523,503,512,027,707,064,051,041,039,073,504,702,701,021,022,023,025,024,901,037,711,038,040,703,061,062,704,002,501,511,801,802,513,502,065,524,063,705,525,526,805,
742,189,134,122,303,235,237,302,147,304,165,301,308,223,405,212,166,226,161,102,401,149,184,187,202,175,151,306,305,159,213,404,148,132,406,135,163,138,201,224,121,140,104,227,174,113,133,136,168,123,103,236,160,164,101,407,408,238,225,137,402,409,
322,240,001,704,026,703,241,218,243,220,230,201,021,701,033,024,702,034,025,029,030,028,027,211,212,213,216,255,202,215,023,203,205,214,204,219,238,236,254,234,249,251,242,252,
173,023,025,207,027,209,029,218,022,205,030,024,021,101,208,032,104,213,214,234,215,217,221,211,001,212,235,225,229,220,233,236,206,204,223,031,026,210,222,201,230,202,
688,561,522,538,530,537,529,539,541,526,523,582,503,540,505,527,012,001,011,005,007,006,501,506,502,521,009,504,004,525,531,570,532,528,555,536,014,003,562,013,002,008,535,534,524,533,
494,224,237,226,001,228,115,333,776,441,449,553,552,556,450,444,447,448,635,661,665,669,010,111,670,771,229,230,122,114,331,334,335,336,337,347,446,777,221,222,442,223,
755,018,026,062,019,004,017,014,023,028,012,043,007,008,006,003,049,022,011,013,015,016,036,001,027,025,005,044,020,061,024,050,009,010,051,
854,339,334,335,336,303,202,327,329,330,317,106,107,108,113,315,312,201,204,203,311,306,332,331,333,116,114,117,115,103,104,318,101,316,102,337,325,326,328,304,205,338,340,112,301,305,302,105,109,
190,019,003,015,018,011,017,023,025,024,002,001,009,020,021,008,006,010,005,007,012,014,004,
741,124,223,248,202,508,302,102,162,152,156,140,155,137,103,161,126,181,154,125,138,150,164,160,316,313,123,165,317,153,122,315,157,166,163,158,167,301,502,222,201,404,251,257,249,402,253,255,501,121,503,256,127,509,151,504,250,245,246,238,505,254,506,507,319,101,232,221,235,234,401,247,159,252,139,
629,901,803,171,160,161,804,177,152,704,193,163,702,153,157,252,158,601,602,172,164,401,165,167,851,852,501,302,101,154,173,251,162,204,801,175,168,002,802,170,174,403,180,159,201,202,166,151,004,003,178,001,402,169,176,301,809,703,502,203,701,179,155,810,156,102,
814,131,155,133,142,152,148,102,147,157,116,118,110,166,145,141,158,151,114,156,101,160,103,111,154,119,149,144,113,115,120,143,165,153,150,146,112,167,122,
797,112,107,109,111,113,004,101,108,110,006,120,115,105,104,103,117,118,116,003,002,106,114,099,001,
805,101,102,103,104,132,105,106,107,108,109,111,121,122,123,124,112,125,126,127,128,129,113,130,131,135,236,133,141,110,
829,202,203,204,205,206,201,209,207,208,132,109,118,101,133,117,301,127,128,149,113,114,104,107,111,112,116,121,144,123,134,143,102,103,105,135,106,125,126,130,108,110,119,122,150,124,210,131,129,
431,517,523,518,126,127,124,129,153,144,128,143,519,123,142,125,515,130,530,801,710,712,803,804,708,807,805,806,709,736,723,731,606,713,704,745,746,809,722,811,810,603,717,741,802,716,714,711,742,721,605,808,718,715,719,743,707,503,509,505,701,512,513,504,514,508,521,402,720,506,537,511,536,540,705,703,702,542,507,502,516,510,541,501,131,007,154,602,522,105,102,103,121,111,204,113,206,214,112,101,152,107,148,104,110,116,133,117,212,202,150,114,215,209,213,211,118,207,132,135,120,208,205,151,002,134,136,147,115,137,109,008,601,604,401,001,005,004,006,003,203,009,010,011,750,122,520,
826,001,003,004,005,006,009,007,
443,201,102,206,204,002,402,404,304,301,106,401,104,112,101,103,202,203,303,308,302,403,001,
689,693,696,513,699,678,698,625,647,503,692,646,676,667,656,695,671,691,649,653,641,663,673,694,502,614,613,612,124,543,586,112,113,573,102,105,582,595,594,621,587,590,541,510,549,123,532,542,511,531,544,615,545,546,548,103,104,107,571,581,109,588,106,122,533,547,509,572,585,583,108,110,611,126,501,662,648,672,711,643,674,506,589,624,504,508,521,512,623,622,627,505,520,645,650,677,668,675,514,654,661,644,664,642,652,666,507,602,115,591,626,121,550,584,574,592,597,101,551,111,
192,123,125,121,221,232,202,303,212,305,122,231,301,126,401,201,124,210,211,302,101,233,306,304,129,230,
620,009,003,005,006,021,011,101,016,015,102,013,007,012,025,010,014,004,026,024,001,008,020,023,019,017,002,018,022,
485,112,221,113,774,446,881,771,331,115,111,114,772,005,447,441,661,334,001,773,775,226,551,778,666,
762,103,110,014,020,023,017,109,011,106,100,022,012,105,027,001,016,102,112,013,101,019,030,021,015,024,028,002,104,018,029,026,010,107,
152,116,124,002,028,024,025,115,031,101,113,107,026,112,032,114,003,123,121,122,118,117,005,022,128,021,033,023,132,004,001,020,
517,125,128,167,132,408,429,370,418,432,280,247,417,257,414,123,326,422,002,419,126,403,421,415,425,426,423,401,424,351,319,350,390,391,352,129,416,004,130,131,582,584,127,599,124,501,526,520,506,507,551,561,569,505,502,503,504,101,102,112,194,193,152,213,113,172,214,192,305,277,297,236,234,235,237,291,299,620,619,571,592,589,591,590,581,586,583,587,536,644,643,640,642,588,641,541,646,645,001,325,
563,157,131,133,102,103,113,114,147,123,116,159,125,126,162,127,161,128,129,130,139,146,132,120,121,134,122,135,136,137,138,124,115,117,118,101,119,
145,001,025,026,023,101,027,029,022,024,
328,025,027,031,021,023,022,001,041,028,024,029,030,026,
846,003,002,009,005,007,004,008,006,001,
799,286,045,157,260,004,270,275,251,253,254,277,207,203,289,281,261,204,285,287,262,273,263,282,279,271,290,269,266,264,280,284,256,201,278,288,205,212,102,114,143,155,101,009,003,011,015,007,006,210,008,211,002,035,012,130,125,104,141,105,142,156,153,150,144,145,013,103,115,131,132,202,250,001,120,113,022,010,046,005,014,
822,114,116,122,124,112,133,126,119,113,102,134,131,115,121,123,132,110,111,128,125,118,120,101,117,129,
450,331,116,051,661,991,221,001,110,771,881,117,554,112,551,114,337,445,332,119,
842,002,003,004,001,005,
440,026,023,034,035,013,025,010,022,030,001,020,012,015,006,033,007,003,024,008,017,018,014,032,002,027,005,019,021,016,036,037,009,
481,441,115,335,995,672,880,882,884,996,879,661,449,668,778,990,664,105,662,663,885,776,665,001,332,224,556,331,116,222,998,771,768,111,051,117,226,102,337,551,445,883,666,
284,304,201,403,124,405,406,121,202,303,205,122,126,002,204,306,419,003,206,402,127,120,301,302,203,123,404,136,501,128,135,401,001,125,305,
506,003,175,301,143,201,356,344,349,366,343,352,172,391,347,348,170,319,342,169,168,371,015,142,145,151,370,144,221,223,302,252,367,355,224,244,303,165,345,008,324,102,329,112,013,002,007,310,314,317,005,222,331,163,313,318,316,332,381,134,135,105,315,132,368,122,104,369,006,330,166,011,004,009,001,103,365,146,167,164,101,
305,204,408,404,002,004,814,813,812,816,021,819,802,811,022,205,815,206,025,801,023,005,003,024,012,922,623,601,629,407,207,927,202,923,203,630,925,924,415,621,401,628,622,624,412,625,406,405,402,403,627,901,926,201,921,026,001,007,009,817,
815,312,311,313,351,359,353,354,355,317,301,315,302,318,314,316,357,352,
770,036,040,015,033,031,016,022,018,017,014,072,041,037,035,038,043,034,051,076,024,013,075,073,019,023,012,002,020,021,074,070,011,044,048,039,025,001,046,032,052,042,
524,415,132,413,404,406,402,405,320,421,121,414,309,345,408,409,343,134,410,411,131,101,412,323,321,407,123,403,126,129,124,401,127,341,342,308,239,224,315,317,316,201,225,310,226,227,228,302,003,137,366,318,142,221,240,152,222,236,223,230,322,304,234,307,312,303,301,002,004,001,203,005,346,314,305,306,344,313,311,347,319,
484,770,774,116,330,336,881,664,440,551,110,886,887,117,224,771,669,444,334,447,776,001,660,665,555,446,661,113,220,114,120,
232,102,103,104,106,111,109,120,105,101,107,108,110,118,336,331,326,327,339,328,333,332,330,329,340,325,
277,202,401,001,201,203,205,402,219,403,303,207,302,124,208,209,301,210,204,214,216,502,501,304,213,121,503,506,504,123,211,
844,120,112,127,114,503,502,506,507,122,102,505,115,504,121,113,501,118,103,117,116,119,111,123,508,124,509,125,126,128,101,
610,005,102,104,204,105,206,004,201,101,003,103,202,203,109,106,107,205,001,207,
475,661,335,675,682,336,685,001,220,110,115,005,686,002,330,671,673,
321,001,028,303,203,409,407,022,206,205,204,642,201,615,024,406,301,025,302,614,601,023,602,202,021,026,612,613,608,609,605,606,607,633,405,403,401,410,411,402,404,408,611,610,
800,007,008,024,001,023,020,013,014,015,010,011,021,009,004,026,006,005,016,002,025,022,018,017,019,012,003,028,030,027,
495,552,224,668,445,115,551,449,335,119,117,554,660,330,006,555,695,684,671,692,688,674,661,446,690,450,454,447,687,686,691,682,683,689,442,557,220,112,663,222,550,448,556,113,003,009,559,116,004,118,334,553,001,455,677,444,452,
600,050,049,054,069,059,019,044,047,071,052,095,128,122,123,072,056,125,062,124,118,099,045,127,048,058,053,057,055,060,103,120,067,077,132,130,126,073,063,116,110,066,076,051,068,037,070,064,117,043,075,074,046,002,030,040,101,102,106,023,031,003,084,082,038,010,107,011,012,007,039,009,001,104,013,081,021,008,088,020,016,083,090,032,025,015,036,078,085,091,089,061,096,022,113,041,042,087,024,033,035,093,026,092,028,119,115,129,097,100,094,086,006,014,018,005,017,034,004,029,079,108,112,
365,421,630,540,560,541,650,565,450,430,555,535,601,610,410,620,220,660,480,550,640,440,645,460,455,635,545,456,435,
456,770,441,224,313,331,550,771,222,664,337,776,665,661,006,668,443,335,440,221,003,010,001,
576,103,101,102,120,211,212,214,247,217,283,282,219,222,257,224,227,229,230,231,235,232,233,210,213,215,113,218,115,234,221,106,108,223,107,124,225,105,226,121,117,122,112,111,104,201,216,220,228,114,
626,106,129,112,105,134,104,115,107,607,142,189,131,005,201,103,149,109,202,612,102,139,136,108,133,110,111,116,121,124,135,125,126,128,130,004,113,114,118,127,132,138,141,137,119,140,204,203,205,001,003,002,117,122,123,101,188,161,
670,731,645,703,702,701,694,650,692,674,721,706,643,691,675,651,663,704,102,693,646,672,705,641,644,673,642,107,671,741,661,612,601,142,103,521,632,561,613,011,005,622,594,307,309,562,571,502,353,308,649,105,008,009,013,014,301,006,002,591,595,593,621,604,003,017,001,012,592,304,611,501,302,325,602,331,004,303,358,018,007,010,305,581,511,327,334,567,306,582,563,503,143,633,631,106,662,101,676,104,504,310,141,
146,104,111,024,112,021,101,102,023,110,022,109,106,113,108,103,115,116,114,105,107,001,
301,403,707,411,405,027,001,035,020,701,401,402,714,709,412,713,427,404,708,703,704,407,705,706,023,028,021,604,406,024,025,026,410,019,414,413,018,702,030,408,415,409,022,416,002,
402,104,303,109,105,117,204,106,305,120,107,126,108,202,116,122,110,111,112,115,306,307,113,301,201,308,401,403,304,103,404,203,302,114,101,209,102,309,402,125,208,207,
630,303,306,202,101,555,212,107,309,311,312,410,307,207,405,208,108,314,201,501,104,205,106,206,103,105,502,203,556,557,558,559,709,609,710,610,552,305,562,211,204,611,612,408,321,553,566,602,702,551,554,313,713,210,001,302,411,561,606,003,002,301,102,005,
831,002,012,001,004,021,011,020,019,018,007,016,014,010,017,003,013,009,015,006,005,
737,106,116,134,103,113,128,102,132,135,131,121,111,126,107,139,120,133,136,101,
507,169,303,204,168,115,182,318,183,305,165,166,120,202,201,203,304,210,122,123,137,117,116,003,167,306,211,301,302,209,133,140,136,001,208,002,158,159,160,157,161,170,163,101,138,316,118,119,164,103,124,111,114,125,128,154,
575,030,015,008,013,010,014,018,007,029,017,023,028,019,022,011,006,002,004,003,001,025,020,016,005,
501,121,202,102,511,509,359,505,506,508,512,510,218,301,401,143,502,158,503,504,106,111,142,501,203,141,144,101,
570,008,010,028,003,019,026,018,015,004,025,002,016,012,001,006,005,007,011,029,017,020,014,023,022,027,032,031,030,009,
713,346,122,125,406,144,148,405,428,152,141,426,145,146,422,423,123,502,409,140,515,150,359,334,211,337,358,371,332,212,339,360,378,321,325,205,323,206,333,381,335,203,347,324,362,363,213,315,373,204,343,338,330,336,341,322,104,427,407,131,129,421,143,512,102,124,126,408,166,514,401,147,424,121,149,142,404,513,103,519,151,128,403,127,153,420,365,326,302,376,202,207,209,210,214,215,216,208,361,304,303,385,201,377,331,301,340,369,342,380,344,370,217,384,372,386,357,101,305,154,402,156,130,
642,001,111,207,109,123,127,107,113,132,133,134,004,129,105,120,101,103,104,106,108,202,130,110,002,003,117,125,005,102,007,154,201,203,204,112,205,122,206,126,114,006,128,
247,665,662,669,341,453,129,551,001,340,121,451,232,452,554,776,774,777,771,772,773,775,778,342,120,231,122,343,002,670,664,663,656,666,671,667,661,668,
390,019,009,022,001,006,018,014,013,010,011,004,017,025,007,023,021,016,020,012,008,003,024,002,
121,004,102,105,003,103,106,107,001,005,002,008,009,007,006,101,012,013,010,015,014,
272,207,125,176,165,171,172,131,151,129,206,205,208,189,193,130,163,195,192,190,128,154,204,201,301,161,191,002,127,153,194,124,181,155,202,302,126,175,148,173,162,178,164,270,150,199,152,271,123,177,182,203,001,
582,205,211,208,210,112,103,209,201,202,113,102,114,203,204,115,116,117,118,119,111,207,120,101,206,104,
631,552,210,051,002,052,102,151,004,101,003,502,605,206,208,302,209,304,553,561,601,551,212,213,303,211,604,301,201,202,603,606,203,204,205,207,402,701,702,001,006,152,005,501,
723,127,151,213,143,126,128,212,131,132,155,201,154,133,152,103,153,130,202,148,129,215,101,121,146,147,102,149,145,161,156,142,104,168,
602,108,021,025,023,026,024,105,106,002,001,003,117,
458,778,002,888,556,553,441,667,895,771,880,775,669,389,558,883,990,336,330,116,339,110,113,468,664,118,226,220,228,001,470,
212,620,218,217,207,302,303,214,216,108,305,104,201,306,213,208,205,206,301,307,107,111,202,203,204,106,664,401,404,502,402,503,507,405,109,631,621,655,601,635,663,650,641,653,645,652,651,654,657,656,658,659,661,665,622,105,212,308,
804,403,404,432,419,423,426,407,417,401,402,405,406,418,420,421,422,429,424,425,427,428,452,451,408,430,435,454,453,434,
132,116,036,145,001,022,023,037,117,157,024,046,101,041,039,040,114,054,140,104,105,106,107,122,115,113,108,102,103,
202,002,133,122,142,123,138,127,125,124,137,150,280,145,131,170,128,136,134,135,141,121,126,281,129,155,132,130,143,165,139,140,282,001,146,
245,301,205,304,101,207,201,208,206,
812,005,006,004,007,003,002,001,
520,015,007,012,008,011,003,001,002,010,004,013,
813,210,213,105,205,201,209,212,222,203,206,204,221,108,101,109,207,211,107,106,104,103,102,202,110,214,113,208,
679,106,531,532,563,561,562,576,584,591,571,574,575,580,586,573,578,579,535,303,335,536,514,308,552,302,522,501,503,121,533,534,307,122,511,502,301,336,554,523,306,313,305,513,504,512,304,521,338,357,331,505,506,337,103,102,309,123,582,329,332,330,334,321,341,333,327,339,328,324,326,340,325,322,323,564,105,572,585,587,581,583,551,515,104,553,516,101,577,
841,401,403,206,312,311,212,412,213,207,208,209,211,214,402,460,301,305,316,410,443,411,414,415,202,201,204,205,419,417,218,442,421,424,313,422,101,221,215,223,216,217,219,224,225,220,222,231,287,404,286,406,408,235,237,507,439,241,242,504,243,416,502,240,238,239,232,203,234,233,226,244,506,245,428,436,413,509,210,227,434,435,236,437,501,438,503,420,505,441,405,425,426,508,407,409,427,423,440,302,446,418,
122,101,102,413,506,104,505,504,502,108,414,004,051,107,017,503,006,003,103,105,508,001,015,009,005,002,016,007,008,010,052,011,018,050,022,
753,011,008,014,004,002,009,006,012,010,013,003,001,007,015,
341,512,509,508,505,001,506,503,026,511,023,024,514,303,305,501,021,022,510,518,028,025,031,513,027,029,030,301,551,302,516,515,304,318,306,517,316,317,319,520,502,504,542,519,507,533,
282,009,005,006,007,002,003,001,010,004,008,
243,636,601,638,725,630,631,632,633,722,635,634,720,751,723,637,727,724,641,726,301,201,302,503,123,502,203,402,004,401,202,501,506,403,002,122,504,303,407,505,003,126,639,001,005,006,
523,279,272,101,169,265,335,334,333,332,320,326,371,372,329,305,330,356,327,315,357,373,316,336,367,331,346,328,368,369,370,270,291,292,230,247,227,241,304,246,223,108,245,253,252,182,303,286,211,301,212,214,261,183,213,302,254,224,111,117,228,113,281,271,114,115,167,166,165,181,168,184,273,109,171,155,135,190,274,116,104,157,185,170,187,110,112,201,180,226,280,225,264,263,262,186,260,105,240,001,156,002,
384,421,335,410,210,120,215,360,305,130,140,325,435,002,001,003,212,205,430,330,340,345,012,320,160,170,355,310,315,110,220,225,240,290,230,255,229,260,245,246,272,151,241,265,275,221,285,
855,101,107,113,114,115,116,117,102,105,108,106,
736,135,207,134,202,156,146,168,171,121,159,158,133,170,145,203,165,182,204,208,167,172,131,157,123,160,206,201,122,169,179,176,101,205,
326,518,516,001,037,519,501,033,529,038,517,512,034,036,035,530,513,520,021,022,502,023,515,514,039,024,
851,111,127,203,205,214,129,130,131,133,112,211,210,213,201,126,202,204,128,120,212,113,118,215,216,117,217,132,218,134,115,135,116,114,101,
221,502,108,006,204,402,404,201,717,101,305,314,104,011,005,116,008,007,112,115,202,304,306,206,301,309,107,105,405,106,310,207,401,302,303,307,313,406,409,308,311,403,208,003,508,503,505,507,706,705,601,602,603,701,711,715,712,709,713,718,716,001,009,110,002,010,103,004,109,012,
488,220,222,050,446,441,051,333,442,001,448,059,443,
302,012,013,022,031,006,015,017,018,019,020,021,039,026,027,028,029,033,004,016,002,001,003,005,034,037,036,043,040,038,042,041,
207,247,301,124,248,001,242,302,401,243,246,241,249,123,125,402,122,120,244,245,250,403,121,002,003,
606,801,707,709,906,811,753,808,803,705,213,802,806,754,702,703,905,907,901,752,902,751,704,710,706,755,903,807,904,701,908,708,611,603,804,805,604,305,201,208,402,401,207,209,206,107,003,104,103,110,108,109,302,105,111,106,303,304,102,203,301,115,204,205,601,001,202,
423,106,101,502,105,301,102,208,401,204,501,206,302,212,201,110,213,104,403,117,205,202,111,402,303,108,701,702,703,604,607,602,601,605,107,603,109,203,
583,277,237,217,125,127,213,137,131,236,284,104,102,103,111,121,112,113,130,114,152,115,116,117,119,154,120,122,123,124,126,211,128,129,212,214,239,216,218,201,219,220,221,132,134,135,222,136,223,224,226,230,238,285,278,227,228,281,280,283,229,232,234,268,282,279,235,101,118,275,215,203,276,225,153,105,231,233,287,286,
712,409,135,105,102,402,303,138,407,223,410,404,401,408,706,702,249,245,311,202,501,123,502,301,134,302,148,122,414,413,512,146,147,515,308,513,149,305,616,615,617,611,602,614,613,412,612,406,416,417,415,701,306,124,403,304,405,203,250,246,310,139,103,601,121,503,504,101,104,152,514,221,222,234,235,248,125,258,201,704,136,232,204,137,233,
487,001,225,330,770,334,551,118,114,221,555,337,661,881,441,110,
572,201,219,220,228,126,130,221,222,134,223,224,225,226,227,142,112,113,135,115,116,118,120,121,122,124,125,127,128,129,104,107,132,133,106,136,175,137,105,102,139,138,140,141,211,111,212,114,213,117,214,215,216,119,217,218,123,168,103,101,
344,011,026,701,706,032,705,043,021,702,022,001,704,708,501,703,502,033,034,035,031,044,801,012,037,027,024,025,
343,001,025,032,029,023,027,030,049,042,039,028,040,041,022,024,021,048,002,
801,304,301,302,305,303,307,306,103,109,503,112,108,113,110,505,111,506,102,501,104,105,507,106,
176,312,311,302,320,314,309,318,313,323,325,301,321,303,316,306,315,308,324,326,319,207,030,036,501,032,031,001,054,023,047,027,051,028,022,029,033,208,021,056,055,037,209,026,038,214,025,053,059,204,205,063,082,088,081,084,087,103,115,085,091,107,064,065,058,211,206,217,213,200,210,401,201,403,057,060,216,402,203,219,202,098,096,093,102,097,089,225,052,061,125,073,083,076,071,077,128,092,101,095,094,086,041,040,039,048,043,049,042,044,111,110,108,045,109,090,601,502,304,305,310,317,066,002,215,062,075,218,
603,302,304,308,107,314,406,202,309,003,110,305,104,109,310,303,401,312,108,204,301,102,111,105,311,306,405,002,201,101,106,319,307,313,203,209,402,403,103,112,001,127,004,210,211,
515,711,763,766,701,435,761,765,415,425,414,741,002,722,751,787,767,445,411,465,731,004,721,871,865,832,822,401,402,863,774,455,803,775,405,842,812,611,867,870,408,651,661,641,501,331,631,581,571,311,281,511,551,621,134,164,286,291,261,110,561,154,271,124,305,321,341,231,301,202,212,521,591,541,241,101,144,672,531,133,159,556,303,211,601,123,122,005,001,003,801,872,201,671,413,
223,102,103,101,105,104,227,221,224,222,225,223,226,
828,109,134,303,201,305,116,111,121,302,402,105,122,124,107,120,123,103,112,114,125,128,306,307,309,101,104,106,108,110,113,115,117,119,126,127,129,130,131,132,133,135,202,203,204,205,206,207,301,304,401,403,142,404,
312,204,613,625,626,624,402,601,022,605,615,619,616,205,023,027,001,901,202,404,203,604,614,024,201,612,620,602,401,207,606,623,021,206,603,403,617,025,627,622,
250,626,223,406,621,617,609,401,601,623,101,404,611,622,501,341,001,342,344,345,606,002,615,502,103,205,004,221,402,110,619,625,104,106,620,222,003,005,645,
711,401,302,404,413,322,316,411,307,412,109,309,405,310,303,403,408,409,414,410,312,313,104,314,226,315,114,204,205,301,112,101,225,317,102,106,201,202,203,105,227,107,108,103,113,304,305,110,308,111,115,206,306,
794,109,103,104,002,115,101,102,005,105,111,106,107,108,110,114,112,001,
756,033,042,029,079,037,035,059,003,083,041,086,021,019,047,087,060,045,023,025,048,026,046,030,051,038,055,022,036,084,080,081,039,085,164,131,112,181,043,001,044,027,056,020,034,032,024,040,049,058,028,002,129,100,128,163,118,121,132,167,125,135,111,123,126,130,134,122,138,116,139,137,166,114,113,115,144,168,101,120,165,133,117,171,119,127,182,162,124,
452,020,016,003,005,001,007,010,002,006,011,009,012,013,014,015,018,
586,113,212,201,203,104,108,103,102,125,114,116,208,119,210,121,122,109,124,213,127,214,129,216,130,209,111,202,112,204,205,206,120,115,128,207,117,118,211,123,217,215,101,105,
201,010,014,015,206,005,003,002,009,008,204,102,314,201,310,306,304,307,305,309,011,006,004,007,012,303,001,301,020,019,315,017,311,016,313,312,103,013,308,302,
767,040,019,023,027,020,025,002,033,045,062,060,026,048,018,065,024,029,046,038,067,028,039,066,068,037,041,032,016,061,021,035,017,030,071,022,070,001,042,
227,805,405,806,801,815,816,811,814,406,304,407,408,409,808,412,809,813,807,411,413,812,817,
639,205,006,103,005,201,202,206,203,136,109,004,002,118,119,107,108,110,120,207,111,113,114,008,007,003,116,117,102,104,105,112,115,101,001,
757,050,029,023,052,003,001,055,104,100,028,032,026,074,002,083,025,087,092,085,107,017,020,073,077,103,102,016,106,024,051,079,031,049,022,041,027,101,043,047,046,054,033,048,042,045,034,014,018,021,075,082,086,093,040,019,084,105,030,081,037,091,035,039,036,038,053,
382,225,120,640,220,460,250,245,042,255,421,463,305,115,230,150,140,170,433,260,424,321,110,450,308,405,007,130,240,315,210,455,145,435,265,355,470,320,423,465,430,422,449,481,650,213,740,845,735,725,721,855,835,810,427,610,016,330,732,815,425,705,820,825,710,715,165,830,840,730,850,860,865,870,780,745,750,760,775,765,755,418,445,010,729,428,415,620,480,630,006,021,024,028,030,041,443,350,345,340,475,426,728,045,440,009,
735,227,217,214,215,231,202,216,303,210,224,211,304,218,220,302,122,121,305,135,233,134,225,206,133,301,132,204,219,102,213,228,230,223,222,212,205,101,207,221,229,208,226,203,232,209,234,
160,002,101,102,036,047,014,003,030,004,012,018,001,019,009,011,015,022,023,025,020,016,005,043,017,055,059,062,071,103,104,039,
389,160,340,320,172,170,240,180,265,110,130,175,260,190,341,232,310,365,350,390,330,220,230,115,360,120,210,370,380,382,146,250,155,152,140,002,001,151,235,154,
230,402,501,401,129,126,124,143,128,404,301,131,302,201,502,142,121,144,503,135,127,139,405,304,125,132,136,141,002,138,134,202,403,204,306,137,130,001,133,
793,106,109,150,200,160,004,012,114,102,119,015,103,010,021,120,113,121,009,022,008,110,006,112,104,151,005,105,101,111,108,017,016,014,001,122,011,107,007,002,003,123,019,115,210,018,
414,401,302,403,105,006,005,504,113,101,111,305,002,503,606,201,607,103,501,306,102,502,301,304,106,602,505,601,303,402,701,203,202,204,205,208,609,604,603,001,110,003,605,
194,106,301,401,103,102,302,109,105,101,104,201,404,402,403,
811,103,311,314,101,312,214,313,301,302,310,304,106,305,105,309,211,213,212,107,112,202,303,104,315,308,316,201,317,102,307,
142,039,032,042,022,028,043,054,002,003,037,038,040,011,053,048,056,049,045,055,046,057,050,041,052,058,044,060,047,030,025,033,024,021,027,036,034,031,029,035,023,001,026,
314,801,030,001,804,011,034,032,404,029,036,021,024,038,031,035,402,037,026,027,401,406,028,025,403,022,023,
387,305,610,510,650,550,540,350,560,710,570,335,130,340,530,110,620,630,635,640,520,320,120,365,380,430,115,310,210,220,330,345,002,230,355,360,240,375,370,001,315,325,003,411,
412,402,204,110,406,202,106,304,311,104,206,216,218,101,213,214,212,301,307,410,401,408,107,209,108,207,205,219,305,210,312,102,103,412,201,220,403,211,215,405,308,404,109,411,105,203,409,115,208,303,306,806,802,804,803,805,801,112,114,
203,141,394,402,403,408,398,401,207,002,202,391,001,405,407,150,205,201,129,411,409,206,390,395,412,131,397,392,393,135,203,132,389,396,399,209,155,
463,106,111,
136,131,135,119,035,042,156,129,130,132,043,128,026,044,136,020,030,021,027,117,033,034,038,118,
480,661,771,667,994,884,997,881,991,886,888,887,882,999,990,880,996,224,111,551,334,331,559,110,115,555,449,447,001,108,105,557,441,109,106,221,337,223,338,107,003,112,
466,001,448,115,331,651,446,554,116,113,111,445,661,221,114,125,118,665,120,
140,125,133,119,603,111,126,301,116,103,307,102,306,108,101,124,117,501,701,901,110,802,402,408,702,601,412,602,405,417,406,114,112,113,123,413,109,115,308,118,201,507,506,604,001,401,407,
496,224,116,223,450,331,100,225,661,115,220,001,551,665,334,242,111,338,113,245,330,118,440,336,554,445,107,227,109,108,005,
614,701,614,014,016,001,809,602,630,616,801,620,621,622,805,618,617,624,619,629,902,904,803,613,806,704,706,810,715,711,714,712,906,625,612,802,903,723,626,804,628,905,707,702,716,807,703,808,615,901,623,103,403,303,018,019,404,402,211,401,101,203,708,705,017,206,013,202,020,717,204,302,710,205,102,015,208,301,210,738,713,201,207,601,
609,607,601,602,609,604,605,606,603,308,309,312,313,314,307,405,306,001,503,404,403,302,303,401,115,105,104,106,116,108,109,107,111,113,114,102,101,117,205,112,202,118,201,203,311,310,304,003,103,301,702,701,608,703,502,504,501,802,811,204,804,805,801,806,807,704,402,305,810,803,808,110,
784,112,101,172,504,179,166,150,153,502,177,167,103,111,501,110,105,184,168,170,001,169,180,178,027,189,154,026,102,173,506,182,028,174,025,505,104,117,175,171,149,527,513,190,116,147,146,526,148,510,524,525,115,522,113,514,507,114,523,144,528,508,145,521,509,161,165,164,160,163,529,176,010,125,
193,303,401,411,402,201,505,502,223,222,121,301,504,221,503,225,501,103,123,302,108,224,122,101,404,403,
591,120,108,345,128,301,302,143,156,310,233,218,306,309,101,317,102,106,115,103,123,117,126,111,104,147,109,112,118,153,119,121,131,124,125,110,114,116,130,127,129,304,248,303,212,220,230,232,234,235,240,315,242,265,316,211,213,263,239,214,215,229,216,247,217,201,222,226,228,287,311,237,238,241,244,224,305,254,307,221,107,225,227,344,231,312,340,236,122,313,243,136,223,219,308,314,246,346,173,113,
533,214,222,252,221,210,212,241,211,216,201,218,239,213,254,251,250,247,248,238,236,577,235,240,274,253,244,249,228,237,220,217,463,428,435,437,436,448,005,461,468,344,006,462,447,406,449,444,430,445,431,407,433,450,432,291,446,408,401,434,429,483,440,016,260,464,287,261,223,229,352,347,348,351,349,350,215,102,288,286,285,262,307,296,295,294,297,284,105,293,256,339,292,125,124,126,289,343,263,306,305,345,346,308,233,342,232,341,309,264,340,234,290,107,106,242,001,101,255,003,002,004,104,103,
411,014,015,033,017,048,057,025,046,007,045,021,041,016,023,036,062,047,051,004,002,042,008,020,005,043,038,024,052,011,030,009,058,067,068,006,019,018,003,001,028,061,026,060,013,032,034,037,044,022,027,040,035,039,031,012,
110,044,020,076,053,093,091,096,063,041,071,077,042,040,056,039,054,085,090,074,086,095,094,010,047,037,030,068,070,061,038,082,081,035,036,084,033,014,049,062,087,018,059,072,043,078,075,045,073,088,051,031,092,032,021,029,016,023,067,022,066,057,002,001,003,006,005,008,012,055,060,011,004,069,083,007,034,009,052,024,013,017,065,048,025,019,046,064,026,058,015,027,028,089,080,098,100,097,050,
171,213,210,203,206,012,202,003,226,018,208,207,222,006,219,005,224,301,201,212,217,221,216,007,011,014,205,103,209,220,211,019,214,013,009,204,102,225,004,001,002,218,008,215,010,223,015,
244,221,251,410,304,102,924,231,001,412,414,601,701,927,302,901,925,303,301,242,104,921,235,241,222,225,501,236,255,504,411,401,413,402,415,602,923,922,103,105,223,245,926,928,713,712,715,716,717,
759,018,019,120,104,026,039,013,025,015,014,029,125,146,145,100,027,016,022,020,017,028,023,024,121,021,141,128,129,124,103,143,132,117,118,127,130,119,123,126,105,122,001,040,116,147,102,037,107,101,106,148,111,
847,101,105,301,233,104,304,121,306,203,204,427,429,405,407,422,423,201,103,428,122,302,303,106,123,107,115,307,337,224,225,226,227,232,402,108,235,231,234,424,240,223,222,102,404,403,229,228,230,212,451,213,408,214,305,452,409,215,238,236,421,401,411,308,239,410,109,202,211,
782,425,440,120,144,121,461,439,445,442,135,401,403,402,480,490,450,441,470,485,462,486,435,481,428,429,448,446,447,142,102,122,412,123,002,003,136,410,104,411,124,426,427,137,413,127,105,126,138,106,101,001,141,103,125,140,139,143,482,460,
751,024,019,012,013,014,001,022,020,009,015,016,017,018,021,023,030,002,003,004,005,006,007,008,010,011,025,026,027,031,029,
632,602,201,203,603,209,601,604,311,510,317,517,511,503,512,515,318,519,521,513,514,516,501,504,509,506,404,507,508,405,518,502,505,520,531,326,319,313,312,315,314,316,010,114,106,011,059,002,105,204,014,104,013,102,103,058,101,055,113,006,107,007,202,009,403,406,401,301,004,012,001,057,008,115,
323,001,602,021,803,603,026,614,616,613,301,022,801,802,024,023,025,307,304,306,303,305,601,615,
785,104,006,700,636,611,612,603,691,685,672,690,664,701,683,665,666,689,693,661,662,663,696,667,688,698,670,684,682,616,105,007,108,107,106,633,015,110,634,635,111,009,704,632,014,112,630,101,004,631,008,010,102,602,618,702,614,622,610,625,619,609,613,626,615,699,703,601,680,681,674,671,697,687,692,673,686,669,705,675,676,640,001,621,013,
413,204,702,728,201,205,701,726,704,703,207,229,249,317,322,109,307,309,202,302,203,223,206,314,208,209,306,304,212,315,108,250,107,305,319,301,308,310,210,252,251,111,112,211,113,133,105,104,116,114,802,115,103,801,132,120,102,130,110,106,216,222,401,006,008,002,412,402,228,218,410,213,214,409,403,404,226,220,406,255,227,248,324,224,215,219,253,217,221,522,520,519,515,511,513,582,581,607,532,516,523,510,524,521,527,544,514,531,517,529,518,101,705,714,738,737,715,723,716,718,717,710,736,721,712,707,706,722,719,708,711,725,720,739,603,506,504,604,508,534,507,624,608,623,605,602,606,502,526,505,528,509,601,503,405,525,530,512,713,709,411,303,005,004,007,003,001,501,118,
577,101,448,223,160,179,168,428,417,452,204,411,224,202,518,522,556,512,513,553,523,601,528,002,534,003,557,596,427,136,126,547,111,113,116,145,102,180,175,121,122,548,146,129,130,131,132,133,182,135,137,138,549,550,140,112,114,117,120,123,124,127,134,144,139,228,598,511,558,515,597,520,521,524,555,546,599,526,527,529,531,554,532,533,535,536,537,538,540,541,542,502,543,517,545,514,005,516,519,566,525,589,530,539,004,301,401,453,414,211,551,232,230,415,214,216,217,436,231,422,219,220,424,432,222,426,225,201,226,203,205,412,413,416,418,419,435,421,423,425,429,430,431,433,434,243,245,115,302,213,215,227,229,218,233,221,552,544,181,125,142,128,451,501,007,001,006,
210,205,301,430,425,504,433,428,427,505,426,429,001,208,432,431,507,506,123,125,206,126,207,128,502,501,209,129,421,341,423,424,422,201,121,202,203,204,120,
313,015,804,038,903,001,706,011,324,205,705,604,201,602,703,708,204,206,704,601,024,202,331,321,207,334,325,322,327,323,328,330,301,329,342,603,022,904,026,702,905,803,031,906,801,701,802,027,902,002,003,901,341,333,332,211,203,004,
607,402,403,802,101,301,108,005,006,205,401,303,004,109,805,102,003,103,112,302,104,105,106,107,209,203,204,804,202,201,807,001,308,801,803,002,
628,502,906,503,907,552,722,905,903,901,712,902,904,716,718,720,721,714,952,908,401,207,702,302,402,103,251,104,105,304,002,252,208,617,620,701,613,614,801,653,656,621,618,619,703,751,008,851,301,001,201,202,151,204,205,206,218,210,211,212,213,152,215,219,203,616,704,809,802,622,101,102,005,303,623,612,003,501,007,209,229,216,752,753,217,006,004,615,601,
362,540,520,570,610,020,130,011,245,220,229,730,215,710,530,720,725,268,550,135,255,276,275,150,560,266,269,265,222,263,110,315,037,001,004,002,227,260,030,620,650,230,630,225,226,625,640,235,240,120,205,015,310,140,715,250,510,565,
734,201,314,301,315,220,427,009,105,213,215,104,217,311,216,226,219,102,203,103,221,222,223,312,316,224,014,423,007,425,426,010,015,214,313,429,013,434,218,003,006,008,005,004,012,501,503,124,421,424,436,011,320,001,321,431,227,101,121,204,317,123,002,
792,101,130,122,110,111,001,055,120,102,056,129,104,121,131,105,103,123,
853,204,205,203,202,201,
477,001,111,660,557,105,333,331,555,335,332,449,227,446,566,447,116,445,117,222,441,
120,022,
508,002,252,244,286,115,243,256,284,105,113,285,112,001,255,250,114,248,258,257,202,245,373,253,254,266,004,101,111,117,126,277,355,213,238,214,205,206,233,234,211,221,279,212,376,280,223,210,201,204,374,246,218,278,208,247,217,377,224,207,116,
580,007,028,011,006,009,005,114,118,112,023,025,024,001,003,008,002,004,020,029,031,030,021,026,032,027,
732,206,125,122,127,126,216,207,141,128,138,208,201,123,210,203,102,121,124,139,140,209,103,202,142,204,205,213,215,101,147,214,143,150,144,211,212,
627,713,851,859,951,857,862,754,757,761,806,860,758,719,753,764,855,854,807,808,813,856,809,812,751,953,755,760,814,853,861,852,802,803,804,805,413,425,453,112,352,012,412,001,415,426,652,354,108,502,109,110,654,111,351,101,102,103,104,651,355,356,152,113,114,115,657,201,416,417,418,414,421,601,427,602,423,424,501,133,353,106,127,107,151,010,006,202,117,118,011,007,357,604,358,120,116,008,359,002,003,119,401,451,420,452,009,422,603,105,005,004,818,428,756,759,858,811,
733,209,143,103,158,134,210,215,124,129,127,201,133,125,128,123,141,208,126,202,156,130,145,102,121,140,132,142,207,101,
612,601,301,804,802,803,801,701,901,902,903,904,201,001,610,202,702,101,603,503,302,102,504,303,105,602,203,703,401,402,604,605,204,103,104,106,501,502,905,002,
226,102,103,028,401,101,104,002,203,303,201,202,010,008,501,013,301,302,026,021,017,003,016,022,001,006,020,007,024,025,005,004,009,018,015,019,012,011,023,014,027,030,029,031,
131,001,021,022,304,409,302,039,408,301,101,403,102,029,103,306,027,402,305,024,023,028,030,
180,002,010,003,006,017,011,007,018,009,020,012,019,001,015,004,016,005,013,
147,111,202,006,201,102,007,101,005,004,021,104,203,105,103,301,001,003,002,
273,401,212,303,304,209,411,412,213,157,201,007,162,164,165,152,001,309,409,163,207,302,151,305,408,155,158,202,403,015,014,402,413,016,407,404,211,406,161,002,405,203,306,013,010,301,003,004,005,006,009,012,311,308,310,008,017,
143,102,108,202,201,606,105,204,107,009,149,111,022,601,119,114,109,101,112,008,205,116,501,402,117,411,303,301,408,422,115,406,304,305,419,409,416,410,302,118,506,603,519,504,203,412,415,502,413,407,414,103,113,514,526,512,511,507,520,529,533,528,515,530,513,518,516,604,605,531,532,517,525,602,534,527,002,006,005,505,521,001,003,401,
802,155,209,165,112,123,119,133,312,203,208,204,159,205,207,152,154,114,116,117,118,158,183,130,113,103,102,128,122,131,135,111,120,136,115,125,127,126,129,134,311,351,156,163,316,166,201,206,161,352,162,164,210,313,157,314,160,222,202,223,212,211,215,216,217,226,213,214,218,132,219,220,221,302,301,101,
441,206,207,209,223,221,222,217,226,208,224,205,215,212,225,906,803,809,912,601,901,614,702,916,201,401,303,104,502,302,202,210,404,102,101,112,103,113,106,107,304,305,204,108,110,501,111,105,306,214,203,122,804,909,910,905,924,907,908,802,915,913,902,701,801,903,805,914,807,806,911,301,109,904,123,001,
261,506,505,404,151,401,136,202,205,302,204,303,203,403,121,201,405,402,125,141,207,301,206,145,131,001,208,135,501,502,
151,501,213,502,005,506,104,401,507,302,002,111,301,101,201,510,509,505,102,103,105,108,504,206,106,508,503,204,207,209,202,211,212,210,205,208,004,001,003,203,
177,111,112,117,104,043,107,034,108,106,103,033,024,041,001,119,026,006,501,045,048,038,118,601,044,301,007,401,023,022,042,028,040,027,025,020,029,210,204,201,212,109,110,213,220,206,207,208,031,209,219,039,211,203,114,113,105,005,021,205,202,101,
303,805,107,503,509,507,602,904,706,009,123,103,119,701,801,303,305,501,323,505,506,510,326,508,302,604,007,901,008,328,908,006,348,005,338,603,903,905,002,601,001,702,120,712,804,704,109,803,108,003,313,301,327,315,511,304,502,012,105,106,110,806,807,102,325,004,504,104,121,122,329,
391,810,155,120,346,125,130,135,105,165,110,152,175,170,140,150,168,160,145,107,330,430,345,243,350,445,761,520,530,770,440,774,210,250,115,240,101,740,745,775,760,421,340,310,780,410,244,750,510,320,450,220,776,156,121,
673,314,661,580,602,596,576,591,577,575,579,613,585,586,573,582,603,122,571,593,595,123,019,004,633,029,005,601,616,006,611,010,572,604,009,012,592,581,015,008,017,303,632,631,014,003,016,007,513,509,612,304,306,526,307,524,614,323,523,525,507,506,309,308,106,521,541,105,503,505,517,542,527,315,528,620,317,529,574,508,102,522,504,104,501,502,634,641,638,639,642,635,645,637,636,640,316,313,311,312,103,310,647,051,001,020,121,101,305,018,032,002,301,655,021,011,028,302,328,027,570,
643,203,217,211,225,202,204,102,213,214,216,212,005,215,003,220,223,224,226,237,228,002,241,240,205,207,218,219,221,238,103,242,231,206,007,209,004,239,236,201,105,001,006,233,243,253,101,
573,210,121,131,214,212,120,133,226,116,202,103,213,101,102,113,215,142,201,216,165,123,211,217,128,129,136,130,218,134,127,219,225,220,137,162,111,112,115,141,117,118,119,122,124,125,126,144,164,135,
825,406,418,410,404,132,101,302,409,401,403,319,320,322,102,106,167,108,324,412,329,301,405,311,323,312,317,336,313,407,314,402,408,109,303,330,325,315,318,411,321,326,413,316,103,414,421,
182,101,146,141,204,122,203,145,311,126,221,202,121,320,124,312,147,301,143,148,222,315,161,125,205,142,127,128,313,201,144,206,104,
395,008,012,010,004,009,005,013,007,003,001,002,006,017,023,011,
611,105,102,108,104,109,106,003,002,103,110,111,112,101,001,
682,007,508,307,313,316,311,501,004,502,503,002,029,507,505,509,009,006,005,003,303,037,033,034,035,027,024,018,031,306,016,022,309,020,017,030,315,504,314,012,025,506,038,308,039,305,301,032,028,036,013,008,511,302,312,026,015,021,304,023,310,019,042,317,050,051,040,041,010,011,001,554,555,552,553,551,557,559,556,558,
172,101,024,026,030,104,105,118,114,112,109,111,032,025,031,029,021,023,033,022,102,002,027,117,106,110,107,115,108,116,113,201,001,034,028,103,
394,710,651,163,335,360,305,310,380,370,330,315,715,352,365,720,635,670,633,340,250,160,345,185,180,690,317,140,630,155,655,240,150,350,320,246,716,170,375,680,325,640,248,620,355,326,641,650,730,245,810,115,107,210,550,520,440,190,601,327,660,116,517,652,510,230,235,530,540,445,105,430,405,125,110,120,421,410,130,541,515,518,221,111,101,516,270,
608,303,001,302,201,702,703,305,301,701,502,401,801,704,304,002,306,601,501,602,102,901,
306,001,126,708,103,023,301,308,601,116,115,401,703,104,902,101,901,105,306,709,422,302,119,305,303,307,304,421,102,912,021,114,701,602,704,022,501,502,706,705,603,504,702,707,503,
605,110,111,010,106,009,101,004,007,104,102,105,014,107,502,501,003,005,013,002,011,006,008,001,652,651,103,108,766,401,109,402,302,301,601,203,201,202,802,752,801,751,701,754,755,803,756,758,702,602,757,759,
453,661,551,441,331,111,771,001,115,220,112,446,555,556,552,
283,203,103,115,124,201,111,113,114,119,121,122,202,102,110,112,125,104,126,123,101,105,152,130,141,204,206,136,142,207,145,135,151,205,
311,301,401,801,605,603,026,203,803,404,202,407,204,011,402,604,601,602,021,025,201,805,023,403,606,802,024,804,806,408,302,030,022,001,
222,165,170,202,109,204,105,203,141,149,131,175,143,145,161,125,162,129,136,142,181,003,146,148,180,002,201,127,144,128,101,132,133,135,137,139,138,303,301,302,001,
249,304,301,306,196,127,145,199,165,180,194,121,131,151,146,122,408,001,126,132,135,141,152,155,125,123,161,181,175,171,128,185,192,186,193,130,402,405,404,202,203,201,205,204,407,403,401,410,411,195,137,124,302,136,
604,101,302,408,407,410,406,403,307,102,601,203,210,204,305,151,201,301,205,152,306,202,153,208,304,303,206,207,154,501,404,503,502,401,402,405,504,409,505,001,
331,027,803,811,506,023,801,024,501,503,502,022,507,504,518,505,802,517,001,411,029,403,305,402,301,021,302,303,031,701,304,025,030,028,026,
683,516,546,520,581,101,556,561,545,578,105,574,576,575,541,572,104,511,112,573,585,502,512,514,571,519,562,111,518,565,579,587,549,544,547,550,542,543,589,577,110,563,515,513,594,580,106,108,102,522,521,517,501,503,548,
415,101,612,610,803,613,643,726,712,703,713,728,727,640,718,710,634,709,608,203,719,711,729,208,604,715,702,607,641,716,214,701,606,202,708,722,628,602,724,807,804,626,619,805,609,637,620,617,639,615,806,616,801,611,802,629,605,603,730,714,621,720,706,303,306,405,407,409,415,410,411,401,301,302,402,413,412,315,304,305,403,404,307,308,309,310,406,414,408,313,311,536,514,523,511,002,022,510,211,528,507,540,105,111,107,011,112,104,312,509,206,014,114,108,538,539,122,506,124,205,106,102,109,512,103,207,505,021,530,501,004,537,020,019,518,515,503,504,527,015,521,023,525,502,522,519,513,003,010,524,526,116,209,115,520,508,012,013,517,213,601,614,705,717,516,110,212,001,
571,110,440,320,101,490,425,432,109,111,126,128,314,315,118,312,316,129,302,119,123,313,439,127,117,443,442,120,444,342,115,124,122,457,441,102,103,104,617,610,125,601,114,105,106,116,311,187,134,602,603,107,189,108,604,121,130,477,606,427,404,415,416,417,419,422,403,478,421,450,446,424,428,475,430,433,463,429,476,402,405,605,448,418,802,812,455,811,445,423,807,426,431,436,434,435,201,211,219,247,248,212,213,249,231,232,234,250,251,252,214,215,216,235,253,236,217,237,254,218,401,607,301,438,
233,221,231,229,226,304,222,232,224,225,230,233,227,303,002,306,307,300,310,301,302,311,223,228,305,001,
787,061,110,033,055,057,035,053,034,054,060,031,051,058,032,052,056,059,026,023,001,
621,118,312,202,203,204,105,205,106,208,210,211,109,111,716,717,707,711,706,306,011,008,220,316,305,307,308,310,311,313,314,302,315,301,001,133,206,002,003,004,110,006,708,108,005,101,102,103,104,207,113,114,115,116,007,107,014,216,009,215,112,213,217,214,209,117,012,219,701,704,653,651,652,705,730,802,709,710,712,713,718,714,803,851,715,804,218,805,806,702,801,703,719,722,010,212,729,601,
783,369,370,337,346,373,361,332,350,375,123,124,330,135,331,101,334,132,382,126,129,392,131,125,381,380,391,133,130,383,127,128,394,372,389,336,371,376,333,347,345,360,354,384,120,335,339,323,388,349,324,390,348,393,122,134,385,301,325,
769,009,043,042,003,004,001,012,011,013,014,016,006,002,007,005,008,010,015,
601,301,103,102,202,204,201,206,205,101,203,
516,228,267,259,270,257,193,505,003,269,129,130,268,107,128,502,162,105,247,126,213,004,233,501,227,217,503,203,152,150,504,101,214,104,163,108,110,127,215,002,237,151,421,312,310,433,431,175,396,349,115,001,173,309,434,391,454,293,411,432,289,444,464,361,356,355,362,218,339,484,216,350,474,401,329,321,359,380,172,360,330,390,439,311,
584,128,104,138,111,167,113,140,139,115,116,143,118,136,120,203,122,123,124,202,126,125,103,102,127,170,129,132,134,135,133,101,
262,908,904,902,901,724,805,803,802,722,727,801,721,701,907,903,804,201,001,121,203,305,122,202,406,124,302,702,906,726,728,725,723,905,530,523,308,527,532,561,531,501,540,555,576,520,525,543,534,580,502,542,545,551,522,546,529,544,528,541,524,554,550,547,533,553,552,572,521,405,310,311,401,402,309,526,
561,101,202,207,212,203,204,205,201,206,208,209,210,211,213,228,
638,462,116,505,057,751,101,115,453,454,455,102,052,315,007,051,502,503,110,002,153,456,752,316,056,504,312,107,314,476,103,457,003,151,104,154,005,109,009,152,112,004,311,501,301,313,458,054,506,055,657,661,706,402,701,401,008,183,181,182,656,673,660,812,702,106,672,461,459,460,105,108,703,111,451,012,001,452,011,006,010,053,060,
174,311,026,036,011,030,001,024,013,002,015,021,027,310,032,012,505,405,312,309,304,305,029,201,023,034,003,028,017,031,033,035,004,103,307,308,321,315,302,306,319,316,314,503,301,507,303,102,101,005,317,320,
852,161,111,122,109,110,215,125,130,131,138,126,221,101,217,113,212,107,129,108,106,202,216,123,219,220,116,213,121,115,137,112,114,128,132,218,139,214,105,124,127,133,201,
401,102,405,403,301,201,501,202,701,101,503,601,602,603,607,401,107,604,304,207,203,502,504,606,106,204,303,103,605,208,302,105,608,610,206,402,703,209,305,702,609,506,404,104,
505,415,401,526,445,466,528,469,501,473,304,452,331,305,301,405,302,460,307,462,002,524,451,527,481,531,467,001,402,530,174,514,187,212,525,186,209,188,503,504,184,208,185,498,497,122,153,102,490,129,162,470,471,505,152,472,474,101,480,475,502,476,416,330,306,425,532,450,327,303,326,403,453,325,404,454,455,529,215,210,211,172,214,468,
470,661,673,881,335,232,442,051,113,775,675,337,226,664,672,228,223,235,118,117,119,221,771,663,666,772,880,125,115,227,004,339,120,001,021,669,441,124,229,002,003,
585,226,302,102,236,216,326,327,328,411,402,403,412,418,444,413,414,415,329,416,330,417,353,227,419,437,443,331,421,436,287,304,211,309,214,215,237,290,210,315,317,318,319,218,320,291,321,220,323,221,222,223,355,225,202,301,303,305,306,307,308,103,105,104,212,265,310,311,312,313,314,316,217,322,228,213,324,325,401,292,219,224,201,101,106,229,107,367,
263,652,148,134,139,157,625,679,642,140,126,159,153,001,136,137,132,135,127,138,158,160,152,145,128,601,653,636,622,623,624,641,645,640,630,629,635,655,634,619,626,631,632,639,620,638,678,637,628,621,646,667,651,680,660,659,664,656,665,658,676,661,663,643,633,151,149,156,150,142,
421,601,302,403,103,306,505,605,204,401,312,102,311,603,402,201,602,503,303,506,501,002,308,203,301,502,004,005,305,202,101,001,504,604,
229,125,121,204,122,205,210,209,001,303,206,215,216,203,207,208,211,201,212,202,308,413,412,411,410,408,301,310,302,135,304,402,307,126,406,103,123,801,401,010,305,124,128,130,306,405,404,129,127,311,802,309,316,120,
613,301,702,402,101,602,204,003,001,205,504,403,104,002,203,102,105,501,004,009,007,005,502,601,303,202,401,103,201,006,701,704,703,705,503,010,008,
425,417,408,444,412,404,422,405,410,409,406,413,421,423,416,419,414,415,452,403,442,428,407,432,427,426,418,424,411,401,105,115,110,003,002,103,104,116,113,420,102,402,109,111,112,508,310,503,301,306,327,303,304,203,505,307,504,507,311,524,309,302,502,201,501,305,308,506,108,107,114,001,004,101,
695,311,146,141,581,583,024,004,021,011,008,028,104,306,102,309,103,310,304,604,609,305,584,589,612,303,145,586,614,143,606,605,608,601,313,602,610,144,603,307,615,607,312,551,124,002,568,126,526,525,133,506,505,523,542,564,561,563,573,012,026,575,010,006,013,543,521,122,123,501,132,503,524,504,512,125,502,572,527,043,574,571,541,020,562,301,027,009,029,023,587,582,025,015,017,001,007,033,036,016,022,317,308,318,611,302,316,585,034,035,142,121,507,508,513,005,018,038,547,522,032,014,019,040,042,030,003,099,588,528,134,101,
574,103,105,106,111,113,115,116,117,118,119,199,142,154,197,122,107,226,114,227,102,239,212,214,210,228,325,221,243,222,219,110,143,260,253,241,279,202,217,144,141,146,150,509,145,151,153,285,211,201,216,220,326,328,198,224,323,203,229,259,231,233,235,237,240,324,265,101,213,129,104,274,236,108,109,244,242,314,248,218,313,223,230,232,234,238,148,267,225,327,112,
843,125,312,103,121,107,109,111,112,117,119,105,120,321,101,124,108,128,102,127,104,106,122,123,129,115,113,116,126,118,313,317,323,324,326,327,333,334,325,314,316,315,328,329,318,319,360,322,332,302,330,331,320,311,110,114,130,351,301,
791,102,002,119,113,105,120,122,001,123,101,112,121,125,104,110,118,111,103,003,109,
482,003,021,008,001,004,051,056,002,005,020,011,010,009,
457,555,222,001,118,882,990,773,777,885,772,779,775,114,226,887,661,770,993,888,441,339,340,331,336,550,333,119,
380,058,060,059,004,006,027,001,061,050,022,021,009,015,024,008,051,055,005,016,052,013,007,014,002,019,023,026,028,054,018,063,049,003,
476,111,134,355,115,229,335,219,332,001,221,224,554,228,337,339,444,
445,230,301,001,109,103,202,209,303,102,305,106,206,002,101,201,207,203,105,401,210,205,110,323,211,302,306,204,402,307,215,308,304,216,
490,021,025,024,042,036,001,009,006,026,011,023,020,022,
623,403,530,603,115,521,404,523,536,537,524,525,526,538,534,135,712,527,701,703,705,706,604,605,704,120,711,402,528,406,529,531,532,407,409,401,533,504,315,601,608,708,513,514,515,516,517,518,519,308,502,512,503,707,522,566,520,501,806,
622,301,102,003,507,502,504,203,506,002,304,411,104,412,501,201,402,001,515,403,103,404,422,303,101,302,202,209,503,401,407,005,004,505,409,204,
504,103,110,002,313,311,309,346,109,304,202,204,201,102,104,312,101,105,307,308,302,251,231,209,208,219,301,273,306,310,323,106,295,216,206,207,205,214,215,297,294,292,296,299,272,293,203,001,220,303,218,107,
518,221,218,395,350,345,390,465,508,396,302,380,323,360,343,347,422,462,599,432,206,222,225,452,463,466,467,002,004,405,401,010,333,313,442,468,412,598,003,216,533,348,346,308,344,349,385,220,464,411,217,502,501,513,563,512,573,510,196,124,553,135,186,134,123,543,145,122,166,594,165,155,523,583,593,176,112,511,674,006,007,001,301,101,102,005,
422,205,306,304,305,308,209,303,208,211,204,203,006,212,402,113,202,003,004,005,207,007,010,213,222,214,215,502,104,302,301,103,112,210,401,606,403,201,105,102,611,601,602,603,620,610,604,622,605,608,206,221,001,002,012,008,009,011,013,501,101,
835,225,211,226,210,222,103,303,301,202,205,204,209,227,221,216,219,302,214,217,234,215,325,101,102,203,229,231,206,207,208,232,230,220,224,233,213,218,223,201,228,235,212,
474,001,005,010,006,020,015,004,002,009,012,003,008,011,007,
462,030,022,101,120,046,038,010,026,042,044,047,037,033,016,027,020,066,100,040,004,003,002,011,039,041,043,045,036,023,001,031,008,024,
509,357,106,375,201,203,206,102,381,401,110,209,215,104,412,105,120,326,385,406,235,376,321,202,358,324,408,207,228,327,320,410,325,216,217,349,360,152,130,131,127,219,129,128,132,126,153,135,382,407,204,205,001,334,350,002,353,338,371,339,352,335,409,411,208,351,337,380,210,340,336,311,133,302,125,103,301,
691,556,551,553,554,526,522,552,312,307,508,306,533,310,309,308,322,311,333,331,583,015,501,531,021,576,011,601,582,507,505,532,534,538,520,525,555,524,579,530,332,559,543,536,560,516,521,509,541,535,512,510,566,537,540,573,302,502,578,602,003,004,571,303,577,503,334,574,005,020,010,511,500,584,585,557,527,001,506,523,305,002,014,572,008,013,515,006,301,504,304,581,007,016,319,009,012,019,589,590,
686,547,102,513,005,561,019,564,605,608,004,578,020,633,573,587,563,632,013,017,577,611,012,121,014,582,011,651,636,576,607,574,634,670,668,692,664,667,669,662,663,671,673,501,541,502,532,535,536,514,008,146,681,691,666,693,672,665,505,519,504,101,106,531,544,540,104,533,546,543,548,542,545,534,537,539,105,538,103,503,517,585,520,555,509,508,522,518,511,510,521,512,506,515,021,637,009,560,001,010,122,584,562,015,022,631,580,123,604,144,603,635,609,613,616,612,610,606,602,002,003,016,041,018,516,006,601,007,653,572,583,571,652,586,575,579,581,143,630,661,507,141,
624,304,709,308,612,613,610,614,704,802,710,307,711,706,003,401,402,707,403,306,708,215,216,219,220,801,005,002,004,702,302,703,705,615,616,617,712,618,619,621,201,202,204,101,103,206,210,211,212,303,622,620,001,701,301,601,208,
396,230,193,240,235,220,210,215,510,415,560,040,060,110,380,590,427,412,521,045,130,135,350,360,370,460,580,472,403,450,418,421,424,440,433,430,445,436,439,466,463,469,475,406,409,310,325,530,570,540,125,150,120,050,375,030,115,126,065,140,145,055,155,051,020,105,165,180,185,170,171,385,001,035,007,191,195,002,067,321,
497,335,778,223,220,225,101,231,001,119,235,226,449,339,555,451,446,559,553,224,116,442,331,114,118,333,557,448,229,111,773,447,117,450,
722,205,122,144,133,207,155,202,146,121,132,142,149,152,102,140,173,160,141,136,135,158,147,137,148,203,151,154,156,201,206,143,139,138,164,150,208,161,153,162,157,134,101,204,183,
451,001,551,441,449,221,111,660,556,115,335,228,440,224,113,331,332,220,881,770,225,447,666,442,
754,004,007,009,001,002,003,018,105,100,010,005,006,008,112,250,293,200,295,113,215,202,214,212,209,204,217,207,205,227,221,134,218,220,248,296,219,245,253,239,208,292,222,240,210,289,244,223,211,203,246,206,224,213,216,231,228,225,137,109,139,159,153,106,136,131,162,135,141,119,114,142,160,104,145,132,140,143,130,103,133,138,029,031,082,028,027,023,025,026,024,021,037,071,022,290,032,035,201,030,107,102,120,108,111,110,294,012,011,013,
758,086,046,034,035,021,080,037,038,082,041,078,029,022,015,027,028,023,083,079,031,087,044,002,001,040,025,036,081,014,013,017,047,016,043,020,076,018,026,030,019,045,032,084,085,
483,113,770,225,990,501,119,330,331,773,222,440,504,880,336,442,001,053,105,110,220,334,332,775,
184,121,120,102,104,203,206,143,201,210,204,144,141,142,152,202,145,205,148,151,101,
242,042,001,307,220,221,303,407,306,123,223,405,305,301,226,401,406,127,021,
522,502,017,305,112,235,019,018,302,508,237,020,016,303,509,034,005,009,015,501,236,265,310,311,212,329,658,659,412,663,613,649,435,316,003,006,001,503,510,004,007,002,113,341,111,315,124,101,317,318,312,314,325,256,309,264,258,259,324,262,313,268,257,261,301,211,330,308,201,307,304,202,306,213,615,603,646,616,529,414,413,421,401,439,612,614,661,660,657,647,617,549,233,619,611,626,234,402,408,410,409,411,437,415,426,438,436,102,238,601,403,
823,002,003,004,311,005,001,
781,303,334,360,312,305,329,317,340,375,346,333,138,304,306,343,373,369,353,378,310,370,351,347,339,341,337,348,126,372,368,349,350,338,315,311,309,352,316,327,319,330,308,321,326,325,314,307,318,313,367,377,371,328,302,355,344,364,025,023,006,003,021,029,028,009,018,150,005,001,016,038,036,032,019,010,022,004,007,026,020,030,034,008,037,171,027,024,137,031,017,380,381,141,120,121,122,123,101,124,376,035,366,011,015,129,039,102,013,134,104,125,127,136,128,012,132,354,131,365,135,103,382,301,374,335,002,133,040,014,
816,104,108,118,106,129,117,115,116,105,102,120,110,101,103,107,109,
124,412,103,021,102,303,501,111,107,508,142,112,010,108,146,109,106,201,514,504,406,505,104,411,202,401,113,404,105,022,506,001,141,507,513,
587,112,102,104,301,201,203,111,103,114,115,207,202,118,125,154,120,205,124,311,113,116,117,119,204,122,206,121,155,312,313,314,315,330,316,101,156,331,
360,050,370,311,330,040,450,452,410,030,035,070,421,375,480,430,440,490,320,405,360,470,055,380,510,531,515,540,520,530,021,545,590,579,578,576,577,570,550,560,020,003,001,002,004,024,110,006,005,007,025,060,460,022,023,575,
334,001,602,302,402,804,303,023,201,802,601,808,603,604,803,021,202,305,801,022,403,004,006,401,003,
345,023,022,025,027,001,034,024,031,033,028,021,026,
444,705,904,303,202,301,312,306,201,203,204,405,106,404,311,506,003,504,505,107,502,104,403,126,503,117,501,407,510,402,108,109,002,101,511,507,409,302,401,102,111,004,103,005,110,105,006,602,701,709,908,802,905,708,901,707,804,907,710,903,801,806,720,704,717,702,809,808,723,902,711,906,807,719,813,803,706,605,601,810,607,606,603,604,304,001,805,
637,014,019,204,018,302,102,303,002,202,107,105,205,209,215,101,410,203,003,214,301,405,013,411,017,212,304,210,207,206,020,402,404,015,409,103,201,213,208,503,104,021,501,407,408,412,401,403,502,504,505,406,001,211,
731,133,236,121,201,240,123,214,302,127,234,202,245,219,221,102,124,104,103,204,301,126,125,215,303,304,132,218,129,130,235,223,233,244,241,238,242,237,216,220,243,222,101,224,
832,403,401,105,112,107,104,304,402,102,303,404,108,302,101,301,106,113,111,103,110,109,
455,227,332,336,118,001,111,115,223,440,221,339,116,459,
370,110,410,430,660,511,650,165,205,490,510,630,625,150,040,605,645,105,140,405,435,485,130,670,460,475,145,020,115,610,030,627,601,001,155,135,450,240,455,640,415,665,675,160,465,421,615,655,620,425,427,445,015,201,230,210,203,602,
393,125,150,130,040,105,110,151,030,140,115,145,020,025,010,120,135,041,001,002,155,050,017,
848,203,201,204,202,114,117,302,506,207,134,160,501,115,205,301,206,122,208,211,102,504,505,125,210,209,236,127,130,132,503,131,133,213,216,113,502,121,129,101,
275,201,203,103,305,102,306,302,303,105,304,301,307,202,204,205,101,
